Date,Traffic
1/1/2015,114
2/1/2015,66
3/1/2015,77
4/1/2015,53
5/1/2015,50
6/1/2015,62
7/1/2015,71
8/1/2015,48
9/1/2015,49
10/1/2015,46
11/1/2015,62
12/1/2015,66
13/1/2015,48
14/1/2015,72
15/1/2015,52
16/1/2015,48
17/1/2015,57
18/1/2015,49
19/1/2015,70
20/1/2015,53
21/1/2015,75
22/1/2015,52
23/1/2015,63
24/1/2015,63
25/1/2015,51
26/1/2015,112
27/1/2015,63
28/1/2015,55
29/1/2015,76
30/1/2015,71
31/1/2015,72
1/2/2015,56
2/2/2015,49
3/2/2015,35
4/2/2015,31
5/2/2015,45
6/2/2015,37
7/2/2015,54
8/2/2015,37
9/2/2015,36
10/2/2015,34
11/2/2015,36
12/2/2015,51
13/2/2015,32
14/2/2015,42
15/2/2015,26
16/2/2015,46
17/2/2015,35
18/2/2015,27
19/2/2015,50
20/2/2015,34
21/2/2015,38
22/2/2015,37
23/2/2015,38
24/2/2015,29
25/2/2015,40
26/2/2015,34
27/2/2015,52
28/2/2015,36
1/3/2015,39
2/3/2015,20
3/3/2015,70
4/3/2015,7
5/3/2015,22
6/3/2015,9
7/3/2015,16
8/3/2015,12
9/3/2015,27
10/3/2015,15
11/3/2015,31
12/3/2015,16
13/3/2015,21
14/3/2015,31
15/3/2015,20
16/3/2015,20
17/3/2015,27
18/3/2015,18
19/3/2015,10
20/3/2015,7
21/3/2015,9
22/3/2015,10
23/3/2015,26
24/3/2015,13
25/3/2015,11
26/3/2015,29
27/3/2015,16
28/3/2015,19
29/3/2015,30
30/3/2015,35
31/3/2015,18
1/4/2015,37
2/4/2015,11
3/4/2015,24
4/4/2015,36
5/4/2015,35
6/4/2015,9
7/4/2015,5
8/4/2015,24
9/4/2015,26
10/4/2015,21
11/4/2015,28
12/4/2015,29
13/4/2015,31
14/4/2015,5
15/4/2015,11
16/4/2015,13
17/4/2015,15
18/4/2015,28
19/4/2015,3
20/4/2015,8
21/4/2015,33
22/4/2015,18
23/4/2015,13
24/4/2015,32
25/4/2015,17
26/4/2015,3
27/4/2015,6
28/4/2015,32
29/4/2015,32
30/4/2015,29
1/5/2015,72
2/5/2015,75
3/5/2015,82
4/5/2015,86
5/5/2015,65
6/5/2015,74
7/5/2015,78
8/5/2015,57
9/5/2015,65
10/5/2015,70
11/5/2015,59
12/5/2015,59
13/5/2015,77
14/5/2015,69
15/5/2015,71
16/5/2015,82
17/5/2015,66
18/5/2015,57
19/5/2015,85
20/5/2015,78
21/5/2015,63
22/5/2015,68
23/5/2015,61
24/5/2015,82
25/5/2015,70
26/5/2015,84
27/5/2015,87
28/5/2015,81
29/5/2015,60
30/5/2015,74
31/5/2015,81
1/6/2015,25
2/6/2015,37
3/6/2015,18
4/6/2015,19
5/6/2015,29
6/6/2015,10
7/6/2015,23
8/6/2015,11
9/6/2015,33
10/6/2015,30
11/6/2015,10
12/6/2015,21
13/6/2015,17
14/6/2015,29
15/6/2015,21
16/6/2015,3
17/6/2015,16
18/6/2015,15
19/6/2015,31
20/6/2015,19
21/6/2015,25
22/6/2015,5
23/6/2015,33
24/6/2015,6
25/6/2015,32
26/6/2015,25
27/6/2015,10
28/6/2015,30
29/6/2015,11
30/6/2015,10
1/7/2015,23
2/7/2015,9
3/7/2015,27
4/7/2015,33
5/7/2015,30
6/7/2015,32
7/7/2015,15
8/7/2015,16
9/7/2015,27
10/7/2015,32
11/7/2015,25
12/7/2015,15
13/7/2015,4
14/7/2015,10
15/7/2015,20
16/7/2015,11
17/7/2015,14
18/7/2015,9
19/7/2015,27
20/7/2015,7
21/7/2015,19
22/7/2015,20
23/7/2015,27
24/7/2015,5
25/7/2015,13
26/7/2015,25
27/7/2015,19
28/7/2015,7
29/7/2015,26
30/7/2015,8
31/7/2015,37
1/8/2015,32
2/8/2015,28
3/8/2015,30
4/8/2015,44
5/8/2015,27
6/8/2015,15
7/8/2015,28
8/8/2015,38
9/8/2015,22
10/8/2015,40
11/8/2015,13
12/8/2015,29
13/8/2015,32
14/8/2015,25
15/8/2015,29
16/8/2015,15
17/8/2015,22
18/8/2015,39
19/8/2015,26
20/8/2015,14
21/8/2015,17
22/8/2015,15
23/8/2015,40
24/8/2015,40
25/8/2015,20
26/8/2015,16
27/8/2015,28
28/8/2015,29
29/8/2015,26
30/8/2015,19
31/8/2015,24
1/9/2015,21
2/9/2015,25
3/9/2015,23
4/9/2015,13
5/9/2015,17
6/9/2015,32
7/9/2015,18
8/9/2015,7
9/9/2015,3
10/9/2015,20
11/9/2015,22
12/9/2015,27
13/9/2015,9
14/9/2015,9
15/9/2015,7
16/9/2015,21
17/9/2015,25
18/9/2015,26
19/9/2015,30
20/9/2015,33
21/9/2015,23
22/9/2015,15
23/9/2015,18
24/9/2015,3
25/9/2015,25
26/9/2015,3
27/9/2015,6
28/9/2015,29
29/9/2015,26
30/9/2015,7
1/10/2015,79
2/10/2015,86
3/10/2015,98
4/10/2015,95
5/10/2015,81
6/10/2015,96
7/10/2015,93
8/10/2015,76
9/10/2015,101
10/10/2015,82
11/10/2015,102
12/10/2015,79
13/10/2015,81
14/10/2015,78
15/10/2015,85
16/10/2015,77
17/10/2015,78
18/10/2015,97
19/10/2015,87
20/10/2015,81
21/10/2015,94
22/10/2015,100
23/10/2015,94
24/10/2015,87
25/10/2015,82
26/10/2015,139
27/10/2015,95
28/10/2015,87
29/10/2015,100
30/10/2015,85
31/10/2015,111
1/11/2015,35
2/11/2015,46
3/11/2015,22
4/11/2015,34
5/11/2015,40
6/11/2015,20
7/11/2015,34
8/11/2015,22
9/11/2015,27
10/11/2015,29
11/11/2015,25
12/11/2015,43
13/11/2015,38
14/11/2015,92
15/11/2015,30
16/11/2015,20
17/11/2015,25
18/11/2015,41
19/11/2015,33
20/11/2015,16
21/11/2015,29
22/11/2015,34
23/11/2015,20
24/11/2015,32
25/11/2015,36
26/11/2015,13
27/11/2015,21
28/11/2015,28
29/11/2015,29
30/11/2015,21
1/12/2015,101
2/12/2015,79
3/12/2015,88
4/12/2015,88
5/12/2015,84
6/12/2015,99
7/12/2015,95
8/12/2015,88
9/12/2015,98
10/12/2015,83
11/12/2015,96
12/12/2015,82
13/12/2015,96
14/12/2015,99
15/12/2015,86
16/12/2015,82
17/12/2015,100
18/12/2015,93
19/12/2015,95
20/12/2015,97
21/12/2015,86
22/12/2015,99
23/12/2015,83
24/12/2015,78
25/12/2015,103
26/12/2015,86
27/12/2015,82
28/12/2015,109
29/12/2015,104
30/12/2015,100
31/12/2015,84
1/1/2016,116
2/1/2016,62
3/1/2016,65
4/1/2016,53
5/1/2016,55
6/1/2016,74
7/1/2016,68
8/1/2016,57
9/1/2016,70
10/1/2016,48
11/1/2016,49
12/1/2016,77
13/1/2016,76
14/1/2016,58
15/1/2016,74
16/1/2016,64
17/1/2016,73
18/1/2016,61
19/1/2016,69
20/1/2016,56
21/1/2016,77
22/1/2016,52
23/1/2016,58
24/1/2016,73
25/1/2016,72
26/1/2016,129
27/1/2016,75
28/1/2016,82
29/1/2016,60
30/1/2016,62
31/1/2016,82
1/2/2016,33
2/2/2016,55
3/2/2016,38
4/2/2016,54
5/2/2016,51
6/2/2016,31
7/2/2016,38
8/2/2016,41
9/2/2016,44
10/2/2016,52
11/2/2016,38
12/2/2016,30
13/2/2016,37
14/2/2016,51
15/2/2016,40
16/2/2016,49
17/2/2016,39
18/2/2016,48
19/2/2016,54
20/2/2016,40
21/2/2016,41
22/2/2016,29
23/2/2016,29
24/2/2016,44
25/2/2016,54
26/2/2016,39
27/2/2016,34
28/2/2016,60
1/3/2016,16
2/3/2016,16
3/3/2016,61
4/3/2016,16
5/3/2016,19
6/3/2016,30
7/3/2016,9
8/3/2016,27
9/3/2016,34
10/3/2016,14
11/3/2016,22
12/3/2016,31
13/3/2016,21
14/3/2016,22
15/3/2016,14
16/3/2016,24
17/3/2016,11
18/3/2016,17
19/3/2016,11
20/3/2016,18
21/3/2016,24
22/3/2016,7
23/3/2016,24
24/3/2016,26
25/3/2016,34
26/3/2016,10
27/3/2016,25
28/3/2016,30
29/3/2016,39
30/3/2016,27
31/3/2016,40
1/4/2016,19
2/4/2016,31
3/4/2016,13
4/4/2016,20
5/4/2016,13
6/4/2016,22
7/4/2016,15
8/4/2016,9
9/4/2016,27
10/4/2016,16
11/4/2016,36
12/4/2016,16
13/4/2016,14
14/4/2016,6
15/4/2016,31
16/4/2016,26
17/4/2016,8
18/4/2016,35
19/4/2016,15
20/4/2016,34
21/4/2016,26
22/4/2016,15
23/4/2016,28
24/4/2016,10
25/4/2016,33
26/4/2016,9
27/4/2016,30
28/4/2016,26
29/4/2016,35
30/4/2016,29
1/5/2016,61
2/5/2016,83
3/5/2016,87
4/5/2016,70
5/5/2016,84
6/5/2016,69
7/5/2016,74
8/5/2016,74
9/5/2016,62
10/5/2016,63
11/5/2016,65
12/5/2016,66
13/5/2016,61
14/5/2016,88
15/5/2016,88
16/5/2016,76
17/5/2016,85
18/5/2016,61
19/5/2016,63
20/5/2016,81
21/5/2016,77
22/5/2016,78
23/5/2016,80
24/5/2016,87
25/5/2016,87
26/5/2016,63
27/5/2016,66
28/5/2016,77
29/5/2016,95
30/5/2016,90
31/5/2016,76
1/6/2016,11
2/6/2016,15
3/6/2016,25
4/6/2016,6
5/6/2016,14
6/6/2016,16
7/6/2016,12
8/6/2016,28
9/6/2016,12
10/6/2016,8
11/6/2016,6
12/6/2016,25
13/6/2016,7
14/6/2016,9
15/6/2016,7
16/6/2016,11
17/6/2016,19
18/6/2016,32
19/6/2016,7
20/6/2016,32
21/6/2016,19
22/6/2016,21
23/6/2016,14
24/6/2016,19
25/6/2016,15
26/6/2016,22
27/6/2016,21
28/6/2016,24
29/6/2016,33
30/6/2016,29
1/7/2016,30
2/7/2016,19
3/7/2016,36
4/7/2016,17
5/7/2016,11
6/7/2016,29
7/7/2016,16
8/7/2016,15
9/7/2016,14
10/7/2016,28
11/7/2016,14
12/7/2016,10
13/7/2016,22
14/7/2016,25
15/7/2016,30
16/7/2016,28
17/7/2016,17
18/7/2016,6
19/7/2016,31
20/7/2016,25
21/7/2016,25
22/7/2016,21
23/7/2016,10
24/7/2016,8
25/7/2016,34
26/7/2016,38
27/7/2016,24
28/7/2016,19
29/7/2016,33
30/7/2016,21
31/7/2016,25
1/8/2016,49
2/8/2016,25
3/8/2016,43
4/8/2016,26
5/8/2016,36
6/8/2016,35
7/8/2016,18
8/8/2016,23
9/8/2016,26
10/8/2016,22
11/8/2016,43
12/8/2016,27
13/8/2016,46
14/8/2016,33
15/8/2016,21
16/8/2016,24
17/8/2016,38
18/8/2016,24
19/8/2016,23
20/8/2016,24
21/8/2016,27
22/8/2016,44
23/8/2016,40
24/8/2016,30
25/8/2016,32
26/8/2016,20
27/8/2016,35
28/8/2016,38
29/8/2016,37
30/8/2016,29
31/8/2016,44
1/9/2016,15
2/9/2016,21
3/9/2016,15
4/9/2016,10
5/9/2016,35
6/9/2016,34
7/9/2016,33
8/9/2016,16
9/9/2016,16
10/9/2016,32
11/9/2016,11
12/9/2016,20
13/9/2016,26
14/9/2016,32
15/9/2016,29
16/9/2016,9
17/9/2016,35
18/9/2016,27
19/9/2016,27
20/9/2016,23
21/9/2016,9
22/9/2016,21
23/9/2016,14
24/9/2016,12
25/9/2016,10
26/9/2016,21
27/9/2016,30
28/9/2016,17
29/9/2016,21
30/9/2016,17
1/10/2016,100
2/10/2016,81
3/10/2016,95
4/10/2016,110
5/10/2016,91
6/10/2016,80
7/10/2016,88
8/10/2016,83
9/10/2016,94
10/10/2016,97
11/10/2016,86
12/10/2016,83
13/10/2016,101
14/10/2016,108
15/10/2016,86
16/10/2016,96
17/10/2016,82
18/10/2016,94
19/10/2016,81
20/10/2016,85
21/10/2016,84
22/10/2016,84
23/10/2016,88
24/10/2016,111
25/10/2016,92
26/10/2016,147
27/10/2016,112
28/10/2016,109
29/10/2016,95
30/10/2016,94
31/10/2016,111
1/11/2016,24
2/11/2016,34
3/11/2016,21
4/11/2016,29
5/11/2016,21
6/11/2016,18
7/11/2016,24
8/11/2016,20
9/11/2016,22
10/11/2016,17
11/11/2016,27
12/11/2016,43
13/11/2016,35
14/11/2016,76
15/11/2016,21
16/11/2016,32
17/11/2016,26
18/11/2016,32
19/11/2016,23
20/11/2016,44
21/11/2016,39
22/11/2016,43
23/11/2016,19
24/11/2016,25
25/11/2016,27
26/11/2016,38
27/11/2016,44
28/11/2016,40
29/11/2016,51
30/11/2016,48
1/12/2016,106
2/12/2016,90
3/12/2016,86
4/12/2016,83
5/12/2016,97
6/12/2016,95
7/12/2016,94
8/12/2016,89
9/12/2016,94
10/12/2016,96
11/12/2016,83
12/12/2016,94
13/12/2016,100
14/12/2016,89
15/12/2016,83
16/12/2016,83
17/12/2016,107
18/12/2016,93
19/12/2016,102
20/12/2016,90
21/12/2016,105
22/12/2016,100
23/12/2016,84
24/12/2016,98
25/12/2016,102
26/12/2016,107
27/12/2016,101
28/12/2016,109
29/12/2016,93
30/12/2016,105
31/12/2016,120
1/1/2017,129
2/1/2017,80
3/1/2017,64
4/1/2017,53
5/1/2017,52
6/1/2017,79
7/1/2017,67
8/1/2017,55
9/1/2017,64
10/1/2017,69
11/1/2017,59
12/1/2017,68
13/1/2017,59
14/1/2017,61
15/1/2017,76
16/1/2017,51
17/1/2017,55
18/1/2017,76
19/1/2017,56
20/1/2017,56
21/1/2017,62
22/1/2017,60
23/1/2017,72
24/1/2017,62
25/1/2017,85
26/1/2017,131
27/1/2017,58
28/1/2017,67
29/1/2017,75
30/1/2017,73
31/1/2017,84
1/2/2017,33
2/2/2017,57
3/2/2017,56
4/2/2017,56
5/2/2017,60
6/2/2017,54
7/2/2017,56
8/2/2017,49
9/2/2017,53
10/2/2017,37
11/2/2017,32
12/2/2017,49
13/2/2017,58
14/2/2017,51
15/2/2017,44
16/2/2017,52
17/2/2017,30
18/2/2017,34
19/2/2017,56
20/2/2017,51
21/2/2017,42
22/2/2017,47
23/2/2017,60
24/2/2017,44
25/2/2017,63
26/2/2017,62
27/2/2017,57
28/2/2017,64
1/3/2017,12
2/3/2017,19
3/3/2017,77
4/3/2017,10
5/3/2017,16
6/3/2017,20
7/3/2017,31
8/3/2017,26
9/3/2017,37
10/3/2017,36
11/3/2017,26
12/3/2017,24
13/3/2017,18
14/3/2017,9
15/3/2017,28
16/3/2017,37
17/3/2017,25
18/3/2017,20
19/3/2017,14
20/3/2017,18
21/3/2017,20
22/3/2017,40
23/3/2017,27
24/3/2017,33
25/3/2017,17
26/3/2017,42
27/3/2017,32
28/3/2017,45
29/3/2017,47
30/3/2017,35
31/3/2017,38
1/4/2017,34
2/4/2017,10
3/4/2017,36
4/4/2017,19
5/4/2017,37
6/4/2017,21
7/4/2017,20
8/4/2017,12
9/4/2017,19
10/4/2017,12
11/4/2017,13
12/4/2017,16
13/4/2017,31
14/4/2017,20
15/4/2017,37
16/4/2017,29
17/4/2017,32
18/4/2017,32
19/4/2017,11
20/4/2017,31
21/4/2017,30
22/4/2017,38
23/4/2017,39
24/4/2017,39
25/4/2017,42
26/4/2017,34
27/4/2017,27
28/4/2017,32
29/4/2017,44
30/4/2017,31
1/5/2017,77
2/5/2017,86
3/5/2017,64
4/5/2017,60
5/5/2017,76
6/5/2017,81
7/5/2017,61
8/5/2017,90
9/5/2017,60
10/5/2017,85
11/5/2017,77
12/5/2017,80
13/5/2017,83
14/5/2017,60
15/5/2017,67
16/5/2017,64
17/5/2017,76
18/5/2017,83
19/5/2017,69
20/5/2017,85
21/5/2017,91
22/5/2017,68
23/5/2017,75
24/5/2017,86
25/5/2017,86
26/5/2017,81
27/5/2017,76
28/5/2017,79
29/5/2017,93
30/5/2017,97
31/5/2017,92
1/6/2017,20
2/6/2017,31
3/6/2017,19
4/6/2017,15
5/6/2017,35
6/6/2017,20
7/6/2017,37
8/6/2017,18
9/6/2017,10
10/6/2017,27
11/6/2017,20
12/6/2017,11
13/6/2017,12
14/6/2017,27
15/6/2017,20
16/6/2017,37
17/6/2017,35
18/6/2017,18
19/6/2017,38
20/6/2017,36
21/6/2017,13
22/6/2017,36
23/6/2017,20
24/6/2017,35
25/6/2017,34
26/6/2017,44
27/6/2017,34
28/6/2017,45
29/6/2017,34
30/6/2017,35
1/7/2017,33
2/7/2017,30
3/7/2017,34
4/7/2017,9
5/7/2017,34
6/7/2017,28
7/7/2017,17
8/7/2017,28
9/7/2017,14
10/7/2017,15
11/7/2017,29
12/7/2017,22
13/7/2017,35
14/7/2017,36
15/7/2017,31
16/7/2017,25
17/7/2017,22
18/7/2017,36
19/7/2017,27
20/7/2017,29
21/7/2017,14
22/7/2017,17
23/7/2017,27
24/7/2017,31
25/7/2017,25
26/7/2017,16
27/7/2017,22
28/7/2017,26
29/7/2017,22
30/7/2017,24
31/7/2017,22
1/8/2017,34
2/8/2017,49
3/8/2017,21
4/8/2017,32
5/8/2017,34
6/8/2017,44
7/8/2017,46
8/8/2017,23
9/8/2017,44
10/8/2017,31
11/8/2017,19
12/8/2017,29
13/8/2017,33
14/8/2017,33
15/8/2017,43
16/8/2017,28
17/8/2017,40
18/8/2017,30
19/8/2017,46
20/8/2017,32
21/8/2017,22
22/8/2017,45
23/8/2017,23
24/8/2017,22
25/8/2017,41
26/8/2017,33
27/8/2017,50
28/8/2017,39
29/8/2017,44
30/8/2017,42
31/8/2017,56
1/9/2017,36
2/9/2017,18
3/9/2017,10
4/9/2017,20
5/9/2017,14
6/9/2017,20
7/9/2017,14
8/9/2017,10
9/9/2017,38
10/9/2017,18
11/9/2017,32
12/9/2017,29
13/9/2017,13
14/9/2017,34
15/9/2017,20
16/9/2017,35
17/9/2017,19
18/9/2017,11
19/9/2017,32
20/9/2017,17
21/9/2017,27
22/9/2017,17
23/9/2017,31
24/9/2017,31
25/9/2017,32
26/9/2017,32
27/9/2017,42
28/9/2017,28
29/9/2017,17
30/9/2017,30
1/10/2017,85
2/10/2017,95
3/10/2017,104
4/10/2017,91
5/10/2017,98
6/10/2017,89
7/10/2017,102
8/10/2017,95
9/10/2017,96
10/10/2017,109
11/10/2017,87
12/10/2017,89
13/10/2017,81
14/10/2017,81
15/10/2017,91
16/10/2017,87
17/10/2017,80
18/10/2017,81
19/10/2017,93
20/10/2017,83
21/10/2017,101
22/10/2017,96
23/10/2017,91
24/10/2017,98
25/10/2017,105
26/10/2017,166
27/10/2017,96
28/10/2017,108
29/10/2017,102
30/10/2017,115
31/10/2017,115
1/11/2017,47
2/11/2017,40
3/11/2017,33
4/11/2017,48
5/11/2017,36
6/11/2017,26
7/11/2017,39
8/11/2017,42
9/11/2017,43
10/11/2017,36
11/11/2017,44
12/11/2017,25
13/11/2017,40
14/11/2017,92
15/11/2017,28
16/11/2017,27
17/11/2017,25
18/11/2017,19
19/11/2017,21
20/11/2017,37
21/11/2017,46
22/11/2017,46
23/11/2017,49
24/11/2017,44
25/11/2017,33
26/11/2017,38
27/11/2017,52
28/11/2017,26
29/11/2017,29
30/11/2017,56
1/12/2017,98
2/12/2017,109
3/12/2017,109
4/12/2017,90
5/12/2017,87
6/12/2017,85
7/12/2017,93
8/12/2017,97
9/12/2017,86
10/12/2017,110
11/12/2017,95
12/12/2017,82
13/12/2017,109
14/12/2017,102
15/12/2017,80
16/12/2017,91
17/12/2017,105
18/12/2017,99
19/12/2017,101
20/12/2017,83
21/12/2017,98
22/12/2017,111
23/12/2017,89
24/12/2017,90
25/12/2017,104
26/12/2017,110
27/12/2017,113
28/12/2017,101
29/12/2017,114
30/12/2017,111
31/12/2017,112
1/1/2018,113
2/1/2018,58
3/1/2018,56
4/1/2018,74
5/1/2018,54
6/1/2018,52
7/1/2018,80
8/1/2018,50
9/1/2018,71
10/1/2018,70
11/1/2018,54
12/1/2018,70
13/1/2018,71
14/1/2018,79
15/1/2018,65
16/1/2018,50
17/1/2018,55
18/1/2018,76
19/1/2018,61
20/1/2018,67
21/1/2018,65
22/1/2018,71
23/1/2018,87
24/1/2018,71
25/1/2018,66
26/1/2018,129
27/1/2018,67
28/1/2018,74
29/1/2018,94
30/1/2018,92
31/1/2018,99
1/2/2018,57
2/2/2018,48
3/2/2018,36
4/2/2018,57
5/2/2018,56
6/2/2018,42
7/2/2018,51
8/2/2018,36
9/2/2018,59
10/2/2018,40
11/2/2018,55
12/2/2018,34
13/2/2018,54
14/2/2018,38
15/2/2018,37
16/2/2018,36
17/2/2018,44
18/2/2018,59
19/2/2018,48
20/2/2018,50
21/2/2018,45
22/2/2018,51
23/2/2018,38
24/2/2018,56
25/2/2018,63
26/2/2018,66
27/2/2018,40
28/2/2018,59
1/3/2018,26
2/3/2018,33
3/3/2018,86
4/3/2018,39
5/3/2018,25
6/3/2018,18
7/3/2018,37
8/3/2018,20
9/3/2018,25
10/3/2018,28
11/3/2018,12
12/3/2018,16
13/3/2018,34
14/3/2018,30
15/3/2018,24
16/3/2018,17
17/3/2018,21
18/3/2018,24
19/3/2018,13
20/3/2018,42
21/3/2018,17
22/3/2018,35
23/3/2018,32
24/3/2018,33
25/3/2018,27
26/3/2018,33
27/3/2018,48
28/3/2018,21
29/3/2018,26
30/3/2018,28
31/3/2018,43
1/4/2018,16
2/4/2018,22
3/4/2018,17
4/4/2018,39
5/4/2018,23
6/4/2018,20
7/4/2018,31
8/4/2018,11
9/4/2018,10
10/4/2018,37
11/4/2018,21
12/4/2018,31
13/4/2018,21
14/4/2018,21
15/4/2018,23
16/4/2018,23
17/4/2018,23
18/4/2018,14
19/4/2018,16
20/4/2018,12
21/4/2018,34
22/4/2018,17
23/4/2018,17
24/4/2018,30
25/4/2018,47
26/4/2018,48
27/4/2018,39
28/4/2018,39
29/4/2018,24
30/4/2018,43
1/5/2018,63
2/5/2018,63
3/5/2018,76
4/5/2018,89
5/5/2018,76
6/5/2018,79
7/5/2018,85
8/5/2018,77
9/5/2018,78
10/5/2018,82
11/5/2018,84
12/5/2018,79
13/5/2018,87
14/5/2018,63
15/5/2018,78
16/5/2018,62
17/5/2018,80
18/5/2018,73
19/5/2018,82
20/5/2018,72
21/5/2018,70
22/5/2018,75
23/5/2018,75
24/5/2018,85
25/5/2018,71
26/5/2018,98
27/5/2018,100
28/5/2018,92
29/5/2018,107
30/5/2018,110
31/5/2018,85
1/6/2018,15
2/6/2018,10
3/6/2018,16
4/6/2018,35
5/6/2018,25
6/6/2018,12
7/6/2018,11
8/6/2018,40
9/6/2018,29
10/6/2018,22
11/6/2018,25
12/6/2018,36
13/6/2018,27
14/6/2018,39
15/6/2018,12
16/6/2018,34
17/6/2018,20
18/6/2018,24
19/6/2018,32
20/6/2018,38
21/6/2018,25
22/6/2018,26
23/6/2018,34
24/6/2018,40
25/6/2018,30
26/6/2018,26
27/6/2018,28
28/6/2018,47
29/6/2018,52
30/6/2018,41
1/7/2018,40
2/7/2018,40
3/7/2018,24
4/7/2018,26
5/7/2018,33
6/7/2018,27
7/7/2018,30
8/7/2018,35
9/7/2018,33
10/7/2018,34
11/7/2018,15
12/7/2018,12
13/7/2018,25
14/7/2018,17
15/7/2018,24
16/7/2018,24
17/7/2018,23
18/7/2018,26
19/7/2018,37
20/7/2018,27
21/7/2018,26
22/7/2018,44
23/7/2018,27
24/7/2018,39
25/7/2018,27
26/7/2018,20
27/7/2018,40
28/7/2018,24
29/7/2018,30
30/7/2018,50
31/7/2018,31
1/8/2018,33
2/8/2018,49
3/8/2018,38
4/8/2018,46
5/8/2018,26
6/8/2018,32
7/8/2018,40
8/8/2018,37
9/8/2018,23
10/8/2018,25
11/8/2018,34
12/8/2018,22
13/8/2018,37
14/8/2018,41
15/8/2018,29
16/8/2018,48
17/8/2018,27
18/8/2018,26
19/8/2018,24
20/8/2018,29
21/8/2018,34
22/8/2018,27
23/8/2018,40
24/8/2018,42
25/8/2018,37
26/8/2018,52
27/8/2018,53
28/8/2018,58
29/8/2018,60
30/8/2018,43
31/8/2018,38
1/9/2018,15
2/9/2018,23
3/9/2018,17
4/9/2018,34
5/9/2018,30
6/9/2018,30
7/9/2018,25
8/9/2018,39
9/9/2018,30
10/9/2018,26
11/9/2018,20
12/9/2018,23
13/9/2018,37
14/9/2018,26
15/9/2018,16
16/9/2018,31
17/9/2018,31
18/9/2018,28
19/9/2018,25
20/9/2018,32
21/9/2018,23
22/9/2018,32
23/9/2018,19
24/9/2018,27
25/9/2018,35
26/9/2018,32
27/9/2018,36
28/9/2018,23
29/9/2018,39
30/9/2018,52
1/10/2018,103
2/10/2018,103
3/10/2018,89
4/10/2018,102
5/10/2018,92
6/10/2018,90
7/10/2018,86
8/10/2018,90
9/10/2018,99
10/10/2018,109
11/10/2018,102
12/10/2018,102
13/10/2018,88
14/10/2018,105
15/10/2018,85
16/10/2018,97
17/10/2018,99
18/10/2018,94
19/10/2018,107
20/10/2018,100
21/10/2018,112
22/10/2018,106
23/10/2018,108
24/10/2018,112
25/10/2018,121
26/10/2018,165
27/10/2018,100
28/10/2018,115
29/10/2018,114
30/10/2018,123
31/10/2018,127
1/11/2018,31
2/11/2018,28
3/11/2018,39
4/11/2018,20
5/11/2018,25
6/11/2018,25
7/11/2018,50
8/11/2018,44
9/11/2018,38
10/11/2018,30
11/11/2018,21
12/11/2018,31
13/11/2018,43
14/11/2018,72
15/11/2018,34
16/11/2018,29
17/11/2018,31
18/11/2018,34
19/11/2018,26
20/11/2018,53
21/11/2018,52
22/11/2018,37
23/11/2018,33
24/11/2018,54
25/11/2018,54
26/11/2018,32
27/11/2018,30
28/11/2018,34
29/11/2018,55
30/11/2018,48
1/12/2018,96
2/12/2018,98
3/12/2018,97
4/12/2018,90
5/12/2018,100
6/12/2018,80
7/12/2018,84
8/12/2018,97
9/12/2018,88
10/12/2018,89
11/12/2018,97
12/12/2018,102
13/12/2018,89
14/12/2018,102
15/12/2018,98
16/12/2018,88
17/12/2018,90
18/12/2018,105
19/12/2018,89
20/12/2018,106
21/12/2018,97
22/12/2018,116
23/12/2018,104
24/12/2018,116
25/12/2018,110
26/12/2018,123
27/12/2018,110
28/12/2018,105
29/12/2018,103
30/12/2018,122
31/12/2018,112
1/1/2019,108
2/1/2019,53
3/1/2019,77
4/1/2019,76
5/1/2019,51
6/1/2019,65
7/1/2019,64
8/1/2019,56
9/1/2019,73
10/1/2019,54
11/1/2019,59
12/1/2019,50
13/1/2019,80
14/1/2019,51
15/1/2019,77
16/1/2019,57
17/1/2019,63
18/1/2019,58
19/1/2019,66
20/1/2019,81
21/1/2019,85
22/1/2019,64
23/1/2019,62
24/1/2019,73
25/1/2019,79
26/1/2019,132
27/1/2019,75
28/1/2019,88
29/1/2019,78
30/1/2019,78
31/1/2019,98
1/2/2019,51
2/2/2019,55
3/2/2019,49
4/2/2019,40
5/2/2019,50
6/2/2019,51
7/2/2019,50
8/2/2019,36
9/2/2019,51
10/2/2019,38
11/2/2019,60
12/2/2019,39
13/2/2019,51
14/2/2019,38
15/2/2019,44
16/2/2019,50
17/2/2019,41
18/2/2019,37
19/2/2019,35
20/2/2019,59
21/2/2019,64
22/2/2019,48
23/2/2019,66
24/2/2019,59
25/2/2019,65
26/2/2019,56
27/2/2019,47
28/2/2019,63
1/3/2019,32
2/3/2019,13
3/3/2019,70
4/3/2019,14
5/3/2019,27
6/3/2019,14
7/3/2019,15
8/3/2019,23
9/3/2019,38
10/3/2019,11
11/3/2019,21
12/3/2019,23
13/3/2019,34
14/3/2019,22
15/3/2019,14
16/3/2019,17
17/3/2019,25
18/3/2019,18
19/3/2019,40
20/3/2019,27
21/3/2019,41
22/3/2019,33
23/3/2019,35
24/3/2019,40
25/3/2019,44
26/3/2019,29
27/3/2019,27
28/3/2019,37
29/3/2019,47
30/3/2019,38
31/3/2019,47
1/4/2019,17
2/4/2019,14
3/4/2019,33
4/4/2019,17
5/4/2019,23
6/4/2019,16
7/4/2019,26
8/4/2019,20
9/4/2019,14
10/4/2019,25
11/4/2019,34
12/4/2019,28
13/4/2019,23
14/4/2019,38
15/4/2019,39
16/4/2019,15
17/4/2019,22
18/4/2019,24
19/4/2019,16
20/4/2019,45
21/4/2019,21
22/4/2019,33
23/4/2019,40
24/4/2019,37
25/4/2019,23
26/4/2019,51
27/4/2019,46
28/4/2019,40
29/4/2019,58
30/4/2019,46
1/5/2019,77
2/5/2019,61
3/5/2019,71
4/5/2019,76
5/5/2019,68
6/5/2019,75
7/5/2019,62
8/5/2019,88
9/5/2019,72
10/5/2019,70
11/5/2019,68
12/5/2019,71
13/5/2019,80
14/5/2019,76
15/5/2019,77
16/5/2019,70
17/5/2019,73
18/5/2019,67
19/5/2019,84
20/5/2019,73
21/5/2019,80
22/5/2019,81
23/5/2019,95
24/5/2019,77
25/5/2019,84
26/5/2019,89
27/5/2019,89
28/5/2019,112
29/5/2019,88
30/5/2019,89
31/5/2019,104
1/6/2019,30
2/6/2019,24
3/6/2019,33
4/6/2019,24
5/6/2019,13
6/6/2019,11
7/6/2019,15
8/6/2019,36
9/6/2019,18
10/6/2019,12
11/6/2019,11
12/6/2019,39
13/6/2019,36
14/6/2019,34
15/6/2019,29
16/6/2019,34
17/6/2019,20
18/6/2019,38
19/6/2019,15
20/6/2019,45
21/6/2019,37
22/6/2019,33
23/6/2019,45
24/6/2019,23
25/6/2019,38
26/6/2019,37
27/6/2019,49
28/6/2019,28
29/6/2019,40
30/6/2019,44
1/7/2019,25
2/7/2019,20
3/7/2019,14
4/7/2019,40
5/7/2019,10
6/7/2019,38
7/7/2019,34
8/7/2019,19
9/7/2019,33
10/7/2019,19
11/7/2019,27
12/7/2019,18
13/7/2019,32
14/7/2019,35
15/7/2019,38
16/7/2019,16
17/7/2019,19
18/7/2019,30
19/7/2019,31
20/7/2019,27
21/7/2019,41
22/7/2019,22
23/7/2019,31
24/7/2019,24
25/7/2019,26
26/7/2019,27
27/7/2019,25
28/7/2019,31
29/7/2019,34
30/7/2019,58
31/7/2019,41
1/8/2019,26
2/8/2019,34
3/8/2019,39
4/8/2019,49
5/8/2019,48
6/8/2019,41
7/8/2019,47
8/8/2019,47
9/8/2019,34
10/8/2019,25
11/8/2019,25
12/8/2019,24
13/8/2019,21
14/8/2019,24
15/8/2019,83
16/8/2019,52
17/8/2019,36
18/8/2019,34
19/8/2019,46
20/8/2019,30
21/8/2019,31
22/8/2019,47
23/8/2019,51
24/8/2019,40
25/8/2019,51
26/8/2019,38
27/8/2019,54
28/8/2019,60
29/8/2019,47
30/8/2019,53
31/8/2019,56
1/9/2019,16
2/9/2019,28
3/9/2019,18
4/9/2019,33
5/9/2019,27
6/9/2019,18
7/9/2019,26
8/9/2019,32
9/9/2019,40
10/9/2019,36
11/9/2019,11
12/9/2019,15
13/9/2019,14
14/9/2019,31
15/9/2019,27
16/9/2019,21
17/9/2019,29
18/9/2019,18
19/9/2019,24
20/9/2019,32
21/9/2019,33
22/9/2019,25
23/9/2019,27
24/9/2019,31
25/9/2019,49
26/9/2019,27
27/9/2019,31
28/9/2019,48
29/9/2019,53
30/9/2019,48
1/10/2019,105
2/10/2019,106
3/10/2019,93
4/10/2019,89
5/10/2019,109
6/10/2019,103
7/10/2019,98
8/10/2019,88
9/10/2019,91
10/10/2019,104
11/10/2019,107
12/10/2019,82
13/10/2019,89
14/10/2019,112
15/10/2019,103
16/10/2019,97
17/10/2019,115
18/10/2019,88
19/10/2019,92
20/10/2019,95
21/10/2019,106
22/10/2019,117
23/10/2019,97
24/10/2019,110
25/10/2019,116
26/10/2019,173
27/10/2019,128
28/10/2019,116
29/10/2019,121
30/10/2019,114
31/10/2019,133
1/11/2019,28
2/11/2019,26
3/11/2019,33
4/11/2019,45
5/11/2019,37
6/11/2019,32
7/11/2019,36
8/11/2019,35
9/11/2019,45
10/11/2019,23
11/11/2019,32
12/11/2019,23
13/11/2019,43
14/11/2019,84
15/11/2019,43
16/11/2019,49
17/11/2019,48
18/11/2019,28
19/11/2019,45
20/11/2019,46
21/11/2019,46
22/11/2019,36
23/11/2019,47
24/11/2019,31
25/11/2019,52
26/11/2019,45
27/11/2019,42
28/11/2019,40
29/11/2019,40
30/11/2019,59
1/12/2019,106
2/12/2019,108
3/12/2019,95
4/12/2019,83
5/12/2019,98
6/12/2019,106
7/12/2019,94
8/12/2019,110
9/12/2019,93
10/12/2019,89
11/12/2019,97
12/12/2019,98
13/12/2019,98
14/12/2019,101
15/12/2019,112
16/12/2019,99
17/12/2019,88
18/12/2019,89
19/12/2019,88
20/12/2019,102
21/12/2019,98
22/12/2019,112
23/12/2019,117
24/12/2019,99
25/12/2019,115
26/12/2019,124
27/12/2019,121
28/12/2019,116
29/12/2019,114
30/12/2019,120
31/12/2019,182
